,molecule_chembl_id,canonical_smiles,bioactivity_class,MW,LogP,NumHDonors,NumHAcceptors,pIC50
0,CHEMBL113494,CCCCN(CCCC)C(=O)CN1C[C@H](c2cccnc2)[C@@H](C(=O)O)[C@@H]1c1ccc(OC)cc1,inactive,467.6100000000001,4.360300000000004,1.0,5.0,5.0
1,CHEMBL113494,CCCCN(CCCC)C(=O)CN1C[C@H](c2cccnc2)[C@@H](C(=O)O)[C@@H]1c1ccc(OC)cc1,inactive,467.6100000000001,4.360300000000004,1.0,5.0,5.0
2,CHEMBL113494,CCCCN(CCCC)C(=O)CN1C[C@H](c2cccnc2)[C@@H](C(=O)O)[C@@H]1c1ccc(OC)cc1,inactive,467.6100000000001,4.360300000000004,1.0,5.0,5.0
3,CHEMBL113494,CCCCN(CCCC)C(=O)CN1C[C@H](c2cccnc2)[C@@H](C(=O)O)[C@@H]1c1ccc(OC)cc1,inactive,467.6100000000001,4.360300000000004,1.0,5.0,5.0
